abilities,classfication,,name,,,
"['Overgrow', 'Chlorophyll']",Seed Pokémon,,Bulbasaur,,,
"['Overgrow', 'Chlorophyll']",Seed Pokémon,,Ivysaur,,,
"['Overgrow', 'Chlorophyll']",Seed Pokémon,,Venusaur,,,
"['Blaze', 'Solar Power']",Lizard Pokémon,,Charmander,,,
"['Blaze', 'Solar Power']",Flame Pokémon,,Charmeleon,,,
"['Blaze', 'Solar Power']",Flame Pokémon,,Charizard,,,
"['Torrent', 'Rain Dish']",Tiny Turtle Pokémon,,Squirtle,,,
"['Torrent', 'Rain Dish']",Turtle Pokémon,,Wartortle,,,
"['Torrent', 'Rain Dish']",Shellfish Pokémon,,Blastoise,,,
"['Shield Dust', 'Run Away']",Worm Pokémon,,Caterpie,,,
['Shed Skin'],Cocoon Pokémon,,Metapod,,,
"['Compoundeyes', 'Tinted Lens']",Butterfly Pokémon,,Butterfree,,,
"['Shield Dust', 'Run Away']",Hairy Pokémon,,Weedle,,,
['Shed Skin'],Cocoon Pokémon,,Kakuna,,,
"['Swarm', 'Sniper']",Poison Bee Pokémon,,Beedrill,,,
"['Keen Eye', 'Tangled Feet', 'Big Pecks']",Tiny Bird Pokémon,,Pidgey,,,
"['Keen Eye', 'Tangled Feet', 'Big Pecks']",Bird Pokémon,,Pidgeotto,,,
"['Keen Eye', 'Tangled Feet', 'Big Pecks']",Bird Pokémon,,Pidgeot,,,
"['Run Away', 'Guts', 'Hustle', 'Gluttony', 'Hustle', 'Thick Fat']",Mouse Pokémon,,Rattata,,,
"['Run Away', 'Guts', 'Hustle', 'Gluttony', 'Hustle', 'Thick Fat']",Mouse Pokémon,,Raticate,,,
"['Keen Eye', 'Sniper']",Tiny Bird Pokémon,,Spearow,,,
"['Keen Eye', 'Sniper']",Beak Pokémon,,Fearow,,,
"['Intimidate', 'Shed Skin', 'Unnerve']",Snake Pokémon,,Ekans,,,
"['Intimidate', 'Shed Skin', 'Unnerve']",Cobra Pokémon,,Arbok,,,
"['Static', 'Lightningrod']",Mouse Pokémon,,Pikachu,,,
"['Static', 'Lightningrod', 'Surge Surfer']",Mouse Pokémon,,Raichu,,,
"['Sand Veil', 'Sand Rush', 'Snow Cloak', 'Slush Rush']",Mouse Pokémon,,Sandshrew,,,
"['Sand Veil', 'Sand Rush', 'Snow Cloak', 'Slush Rush']",Mouse Pokémon,,Sandslash,,,
"['Poison Point', 'Rivalry', 'Hustle']",Poison Pin Pokémon,,Nidoran♀,,,
"['Poison Point', 'Rivalry', 'Hustle']",Poison Pin Pokémon,,Nidorina,,,
"['Poison Point', 'Rivalry', 'Sheer Force']",Drill Pokémon,,Nidoqueen,,,
"['Poison Point', 'Rivalry', 'Hustle']",Poison Pin Pokémon,,Nidoran♂,,,
"['Poison Point', 'Rivalry', 'Hustle']",Poison Pin Pokémon,,Nidorino,,,
"['Poison Point', 'Rivalry', 'Sheer Force']",Drill Pokémon,,Nidoking,,,
"['Cute Charm', 'Magic Guard', 'Friend Guard']",Fairy Pokémon,,Clefairy,,,
"['Cute Charm', 'Magic Guard', 'Unaware']",Fairy Pokémon,,Clefable,,,
"['Flash Fire', 'Drought', 'Snow Cloak', 'Snow Warning']",Fox Pokémon,,Vulpix,,,
"['Flash Fire', 'Drought', 'Snow Cloak', 'Snow Warning']",Fox Pokémon,,Ninetales,,,
"['Cute Charm', 'Competitive', 'Friend Guard']",Balloon Pokémon,,Jigglypuff,,,
"['Cute Charm', 'Competitive', 'Frisk']",Balloon Pokémon,,Wigglytuff,,,
"['Inner Focus', 'Infiltrator']",Bat Pokémon,,Zubat,,,
"['Inner Focus', 'Infiltrator']",Bat Pokémon,,Golbat,,,
"['Chlorophyll', 'Run Away']",Weed Pokémon,,Oddish,,,
"['Chlorophyll', 'Stench']",Weed Pokémon,,Gloom,,,
"['Chlorophyll', 'Effect Spore']",Flower Pokémon,,Vileplume,,,
"['Effect Spore', 'Dry Skin', 'Damp']",Mushroom Pokémon,,Paras,,,
"['Effect Spore', 'Dry Skin', 'Damp']",Mushroom Pokémon,,Parasect,,,
"['Compoundeyes', 'Tinted Lens', 'Run Away']",Insect Pokémon,,Venonat,,,
"['Shield Dust', 'Tinted Lens', 'Wonder Skin ']",Poison Moth Pokémon,,Venomoth,,,
"['Sand Veil', 'Arena Trap', 'Sand Force', 'Sand Veil', 'Tangling Hair', 'Sand Force']",Mole Pokémon,,Diglett,,,
"['Sand Veil', 'Arena Trap', 'Sand Force', 'Sand Veil', 'Tangling Hair', 'Sand Force']",Mole Pokémon,,Dugtrio,,,
"['Pickup', 'Technician', 'Unnerve', 'Pickup', 'Technician', 'Rattled']",Scratch Cat Pokémon,,Meowth,,,
"['Limber', 'Technician', 'Unnerve', 'Fur Coat', 'Technician', 'Rattled']",Classy Cat Pokémon,,Persian,,,
"['Damp', 'Cloud Nine', 'Swift Swim']",Duck Pokémon,,Psyduck,,,
"['Damp', 'Cloud Nine', 'Swift Swim']",Duck Pokémon,,Golduck,,,
"['Vital Spirit', 'Anger Point', 'Defiant']",Pig Monkey Pokémon,,Mankey,,,
"['Vital Spirit', 'Anger Point', 'Defiant']",Pig Monkey Pokémon,,Primeape,,,
"['Intimidate', 'Flash Fire', 'Justified']",Puppy Pokémon,,Growlithe,,,
"['Intimidate', 'Flash Fire', 'Justified']",Legendary Pokémon,,Arcanine,,,
"['Water Absorb', 'Damp', 'Swift Swim']",Tadpole Pokémon,,Poliwag,,,
"['Water Absorb', 'Damp', 'Swift Swim']",Tadpole Pokémon,,Poliwhirl,,,
"['Water Absorb', 'Damp', 'Swift Swim']",Tadpole Pokémon,,Poliwrath,,,
"['Synchronize', 'Inner Focus', 'Magic Guard']",Psi Pokémon,,Abra,,,
"['Synchronize', 'Inner Focus', 'Magic Guard']",Psi Pokémon,,Kadabra,,,
"['Synchronize', 'Inner Focus', 'Magic Guard']",Psi Pokémon,,Alakazam,,,
"['Guts', 'No Guard', 'Steadfast']",Superpower Pokémon,,Machop,,,
"['Guts', 'No Guard', 'Steadfast']",Superpower Pokémon,,Machoke,,,
"['Guts', 'No Guard', 'Steadfast']",Superpower Pokémon,,Machamp,,,
"['Chlorophyll', 'Gluttony']",Flower Pokémon,,Bellsprout,,,
"['Chlorophyll', 'Gluttony']",Flycatcher Pokémon,,Weepinbell,,,
"['Chlorophyll', 'Gluttony']",Flycatcher Pokémon,,Victreebel,,,
"['Clear Body', 'Liquid Ooze', 'Rain Dish']",Jellyfish Pokémon,,Tentacool,,,
"['Clear Body', 'Liquid Ooze', 'Rain Dish']",Jellyfish Pokémon,,Tentacruel,,,
"['Rock Head', 'Sturdy', 'Sand Veil', 'Magnet Pull', 'Sturdy', 'Galvanize']",Rock Pokémon,,Geodude,,,
"['Rock Head', 'Sturdy', 'Sand Veil', 'Magnet Pull', 'Sturdy', 'Galvanize']",Rock Pokémon,,Graveler,,,
"['Rock Head', 'Sturdy', 'Sand Veil', 'Magnet Pull', 'Sturdy', 'Galvanize']",Megaton Pokémon,,Golem,,,
"['Run Away', 'Flash Fire', 'Flame Body']",Fire Horse Pokémon,,Ponyta,,,
"['Run Away', 'Flash Fire', 'Flame Body']",Fire Horse Pokémon,,Rapidash,,,
"['Oblivious', 'Own Tempo', 'Regenerator']",Dopey Pokémon,,Slowpoke,,,
"['Oblivious', 'Own Tempo', 'Regenerator']",Hermit Crab Pokémon,,Slowbro,,,
"['Magnet Pull', 'Sturdy', 'Analytic']",Magnet Pokémon,,Magnemite,,,
"['Magnet Pull', 'Sturdy', 'Analytic']",Magnet Pokémon,,Magneton,,,
"['Keen Eye', 'Inner Focus', 'Defiant']",Wild Duck Pokémon,,Farfetch'd,,,
"['Run Away', 'Early Bird', 'Tangled Feet']",Twin Bird Pokémon,,Doduo,,,
"['Run Away', 'Early Bird', 'Tangled Feet']",Triple Bird Pokémon,,Dodrio,,,
"['Thick Fat', 'Hydration', 'Ice Body']",Sea Lion Pokémon,,Seel,,,
"['Thick Fat', 'Hydration', 'Ice Body']",Sea Lion Pokémon,,Dewgong,,,
"['Stench', 'Sticky Hold', 'Poison Touch', 'Poison Touch', 'Gluttony', 'Power of Alchemy']",Sludge Pokémon,,Grimer,,,
"['Stench', 'Sticky Hold', 'Poison Touch', 'Poison Touch', 'Gluttony', 'Power of Alchemy']",Sludge Pokémon,,Muk,,,
"['Shell Armor', 'Skill Link', 'Overcoat']",Bivalve Pokémon,,Shellder,,,
"['Shell Armor', 'Skill Link', 'Overcoat']",Bivalve Pokémon,,Cloyster,,,
['Levitate'],Gas Pokémon,,Gastly,,,
['Levitate'],Gas Pokémon,,Haunter,,,
['Cursed Body'],Shadow Pokémon,,Gengar,,,
"['Rock Head', 'Sturdy', 'Weak Armor']",Rock Snake Pokémon,,Onix,,,
"['Insomnia', 'Forewarn', 'Inner Focus']",Hypnosis Pokémon,,Drowzee,,,
"['Insomnia', 'Forewarn', 'Inner Focus']",Hypnosis Pokémon,,Hypno,,,
"['Hyper Cutter', 'Shell Armor', 'Sheer Force']",River Crab Pokémon,,Krabby,,,
"['Hyper Cutter', 'Shell Armor', 'Sheer Force']",Pincer Pokémon,,Kingler,,,
"['Soundproof', 'Static', 'Aftermath']",Ball Pokémon,,Voltorb,,,
"['Soundproof', 'Static', 'Aftermath']",Ball Pokémon,,Electrode,,,
"['Chlorophyll', 'Harvest']",Egg Pokémon,,Exeggcute,,,
"['Chlorophyll', 'Harvest', 'Frisk', 'Harvest']",Coconut Pokémon,,Exeggutor,,,
"['Rock Head', 'Lightningrod', 'Battle Armor']",Lonely Pokémon,,Cubone,,,
"['Rock Head', 'Lightningrod', 'Battle Armor', 'Cursed Body', 'Lightningrod', 'Rock Head']",Bone Keeper Pokémon,,Marowak,,,
"['Limber', 'Reckless', 'Unburden']",Kicking Pokémon,,Hitmonlee,,,
"['Keen Eye', 'Iron Fist', 'Inner Focus']",Punching Pokémon,,Hitmonchan,,,
"['Own Tempo', 'Oblivious', 'Cloud Nine']",Licking Pokémon,,Lickitung,,,
['Levitate'],Poison Gas Pokémon,,Koffing,,,
['Levitate'],Poison Gas Pokémon,,Weezing,,,
"['Lightningrod', 'Rock Head', 'Reckless']",Spikes Pokémon,,Rhyhorn,,,
"['Lightningrod', 'Rock Head', 'Reckless']",Drill Pokémon,,Rhydon,,,
"['Natural Cure', 'Serene Grace', 'Healer']",Egg Pokémon,,Chansey,,,
"['Chlorophyll', 'Leaf Guard', 'Regenerator']",Vine Pokémon,,Tangela,,,
"['Early Bird', 'Scrappy', 'Inner Focus']",Parent Pokémon,,Kangaskhan,,,
"['Swift Swim', 'Sniper', 'Damp']",Dragon Pokémon,,Horsea,,,
"['Poison Point', 'Sniper', 'Damp']",Dragon Pokémon,,Seadra,,,
"['Swift Swim', 'Water Veil', 'Lightningrod']",Goldfish Pokémon,,Goldeen,,,
"['Swift Swim', 'Water Veil', 'Lightningrod']",Goldfish Pokémon,,Seaking,,,
"['Illuminate', 'Natural Cure', 'Analytic']",Starshape Pokémon,,Staryu,,,
"['Illuminate', 'Natural Cure', 'Analytic']",Mysterious Pokémon,,Starmie,,,
"['Soundproof', 'Filter', 'Technician']",Barrier Pokémon,,Mr. Mime,,,
"['Swarm', 'Technician', 'Steadfast']",Mantis Pokémon,,Scyther,,,
"['Oblivious', 'Forewarn', 'Dry Skin']",Humanshape Pokémon,,Jynx,,,
"['Static', 'Vital Spirit']",Electric Pokémon,,Electabuzz,,,
"['Flame Body', 'Vital Spirit']",Spitfire Pokémon,,Magmar,,,
"['Hyper Cutter', 'Mold Breaker', 'Moxie']",Stagbeetle Pokémon,,Pinsir,,,
"['Intimidate', 'Anger Point', 'Sheer Force']",Wild Bull Pokémon,,Tauros,,,
"['Swift Swim', 'Rattled']",Fish Pokémon,,Magikarp,,,
"['Intimidate', 'Moxie']",Atrocious Pokémon,,Gyarados,,,
"['Water Absorb', 'Shell Armor', 'Hydration']",Transport Pokémon,,Lapras,,,
"['Limber', 'Imposter']",Transform Pokémon,,Ditto,,,
"['Run Away', 'Adaptability', 'Anticipation']",Evolution Pokémon,,Eevee,,,
"['Water Absorb', 'Hydration']",Bubble Jet Pokémon,,Vaporeon,,,
"['Volt Absorb', 'Quick Feet']",Lightning Pokémon,,Jolteon,,,
"['Flash Fire', 'Guts']",Flame Pokémon,,Flareon,,,
"['Trace', 'Download', 'Analytic']",Virtual Pokémon,,Porygon,,,
"['Swift Swim', 'Shell Armor', 'Weak Armor']",Spiral Pokémon,,Omanyte,,,
"['Swift Swim', 'Shell Armor', 'Weak Armor']",Spiral Pokémon,,Omastar,,,
"['Swift Swim', 'Battle Armor', 'Weak Armor']",Shellfish Pokémon,,Kabuto,,,
"['Swift Swim', 'Battle Armor', 'Weak Armor']",Shellfish Pokémon,,Kabutops,,,
"['Rock Head', 'Pressure', 'Unnerve']",Fossil Pokémon,,Aerodactyl,,,
"['Immunity', 'Thick Fat', 'Gluttony']",Sleeping Pokémon,,Snorlax,,,
"['Pressure', 'Snow Cloak']",Freeze Pokémon,,Articuno,,,
"['Pressure', 'Static']",Electric Pokémon,,Zapdos,,,
"['Pressure', 'Flame Body']",Flame Pokémon,,Moltres,,,
"['Shed Skin', 'Marvel Scale']",Dragon Pokémon,,Dratini,,,
"['Shed Skin', 'Marvel Scale']",Dragon Pokémon,,Dragonair,,,
"['Inner Focus', 'Multiscale']",Dragon Pokémon,,Dragonite,,,
"['Pressure', 'Unnerve']",Genetic Pokémon,,Mewtwo,,,
['Synchronize'],New Species Pokémon,,Mew,,,
"['Overgrow', 'Leaf Guard']",Leaf Pokémon,,Chikorita,,,
"['Overgrow', 'Leaf Guard']",Leaf Pokémon,,Bayleef,,,
"['Overgrow', 'Leaf Guard']",Herb Pokémon,,Meganium,,,
"['Blaze', 'Flash Fire']",Fire Mouse Pokémon,,Cyndaquil,,,
"['Blaze', 'Flash Fire']",Volcano Pokémon,,Quilava,,,
"['Blaze', 'Flash Fire']",Volcano Pokémon,,Typhlosion,,,
"['Torrent', 'Sheer Force']",Big Jaw Pokémon,,Totodile,,,
"['Torrent', 'Sheer Force']",Big Jaw Pokémon,,Croconaw,,,
"['Torrent', 'Sheer Force']",Big Jaw Pokémon,,Feraligatr,,,
"['Run Away', 'Keen Eye', 'Frisk']",Scout Pokémon,,Sentret,,,
"['Run Away', 'Keen Eye', 'Frisk']",Long Body Pokémon,,Furret,,,
"['Insomnia', 'Keen Eye', 'Tinted Lens']",Owl Pokémon,,Hoothoot,,,
"['Insomnia', 'Keen Eye', 'Tinted Lens']",Owl Pokémon,,Noctowl,,,
"['Swarm', 'Early Bird', 'Rattled']",Five Star Pokémon,,Ledyba,,,
"['Swarm', 'Early Bird', 'Iron Fist']",Five Star Pokémon,,Ledian,,,
"['Swarm', 'Insomnia', 'Sniper']",String Spit Pokémon,,Spinarak,,,
"['Swarm', 'Insomnia', 'Sniper']",Long Leg Pokémon,,Ariados,,,
"['Inner Focus', 'Infiltrator']",Bat Pokémon,,Crobat,,,
"['Volt Absorb', 'Illuminate', 'Water Absorb']",Angler Pokémon,,Chinchou,,,
"['Volt Absorb', 'Illuminate', 'Water Absorb']",Light Pokémon,,Lanturn,,,
"['Static', 'Lightningrod']",Tiny Mouse Pokémon,,Pichu,,,
"['Cute Charm', 'Magic Guard', 'Friend Guard']",Star Shape Pokémon,,Cleffa,,,
"['Cute Charm', 'Competitive', 'Friend Guard']",Balloon Pokémon,,Igglybuff,,,
"['Hustle', 'Serene Grace', 'Super Luck']",Spike Ball Pokémon,,Togepi,,,
"['Hustle', 'Serene Grace', 'Super Luck']",Happiness Pokémon,,Togetic,,,
"['Synchronize', 'Early Bird', 'Magic Bounce']",Little Bird Pokémon,,Natu,,,
"['Synchronize', 'Early Bird', 'Magic Bounce']",Mystic Pokémon,,Xatu,,,
"['Static', 'Plus']",Wool Pokémon,,Mareep,,,
"['Static', 'Plus']",Wool Pokémon,,Flaaffy,,,
"['Static', 'Plus']",Light Pokémon,,Ampharos,,,
"['Chlorophyll', 'Healer']",Flower Pokémon,,Bellossom,,,
"['Thick Fat', 'Huge Power', 'Sap Sipper']",Aquamouse Pokémon,,Marill,,,
"['Thick Fat', 'Huge Power', 'Sap Sipper']",Aquarabbit Pokémon,,Azumarill,,,
"['Sturdy', 'Rock Head', 'Rattled']",Imitation Pokémon,,Sudowoodo,,,
"['Water Absorb', 'Damp', 'Drizzle']",Frog Pokémon,,Politoed,,,
"['Chlorophyll', 'Leaf Guard', 'Infiltrator']",Cottonweed Pokémon,,Hoppip,,,
"['Chlorophyll', 'Leaf Guard', 'Infiltrator']",Cottonweed Pokémon,,Skiploom,,,
"['Chlorophyll', 'Leaf Guard', 'Infiltrator']",Cottonweed Pokémon,,Jumpluff,,,
"['Run Away', 'Pickup', 'Skill Link']",Long Tail Pokémon,,Aipom,,,
"['Chlorophyll', 'Solar Power', 'Early Bird']",Seed Pokémon,,Sunkern,,,
"['Chlorophyll', 'Solar Power', 'Early Bird']",Sun Pokémon,,Sunflora,,,
"['Speed Boost', 'Compoundeyes', 'Frisk']",Clear Wing Pokémon,,Yanma,,,
"['Damp', 'Water Absorb', 'Unaware']",Water Fish Pokémon,,Wooper,,,
"['Damp', 'Water Absorb', 'Unaware']",Water Fish Pokémon,,Quagsire,,,
"['Synchronize', 'Magic Bounce']",Sun Pokémon,,Espeon,,,
"['Synchronize', 'Inner Focus']",Moonlight Pokémon,,Umbreon,,,
"['Insomnia', 'Super Luck', 'Prankster']",Darkness Pokémon,,Murkrow,,,
"['Oblivious', 'Own Tempo', 'Regenerator']",Royal Pokémon,,Slowking,,,
['Levitate'],Screech Pokémon,,Misdreavus,,,
['Levitate'],Symbol Pokémon,,Unown,,,
"['Shadow Tag', 'Telepathy']",Patient Pokémon,,Wobbuffet,,,
"['Inner Focus', 'Early Bird', 'Sap Sipper']",Long Neck Pokémon,,Girafarig,,,
"['Sturdy', 'Overcoat']",Bagworm Pokémon,,Pineco,,,
"['Sturdy', 'Overcoat']",Bagworm Pokémon,,Forretress,,,
"['Serene Grace', 'Run Away', 'Rattled']",Land Snake Pokémon,,Dunsparce,,,
"['Hyper Cutter', 'Sand Veil', 'Immunity']",Flyscorpion Pokémon,,Gligar,,,
"['Rock Head', 'Sturdy', 'Sheer Force']",Iron Snake Pokémon,,Steelix,,,
"['Intimidate', 'Run Away', 'Rattled']",Fairy Pokémon,,Snubbull,,,
"['Intimidate', 'Quick Feet', 'Rattled']",Fairy Pokémon,,Granbull,,,
"['Poison Point', 'Swift Swim', 'Intimidate']",Balloon Pokémon,,Qwilfish,,,
"['Swarm', 'Technician', 'Light Metal']",Pincer Pokémon,,Scizor,,,
"['Sturdy', 'Gluttony', 'Contrary']",Mold Pokémon,,Shuckle,,,
"['Swarm', 'Guts', 'Moxie']",Singlehorn Pokémon,,Heracross,,,
"['Inner Focus', 'Keen Eye', 'Pickpocket']",Sharp Claw Pokémon,,Sneasel,,,
"['Pickup', 'Quick Feet', 'Honey Gather']",Little Bear Pokémon,,Teddiursa,,,
"['Guts', 'Quick Feet', 'Unnerve']",Hibernator Pokémon,,Ursaring,,,
"['Magma Armor', 'Flame Body', 'Weak Armor']",Lava Pokémon,,Slugma,,,
"['Magma Armor', 'Flame Body', 'Weak Armor']",Lava Pokémon,,Magcargo,,,
"['Oblivious', 'Snow Cloak', 'Thick Fat']",Pig Pokémon,,Swinub,,,
"['Oblivious', 'Snow Cloak', 'Thick Fat']",Swine Pokémon,,Piloswine,,,
"['Hustle', 'Natural Cure', 'Regenerator']",Coral Pokémon,,Corsola,,,
"['Hustle', 'Sniper', 'Moody']",Jet Pokémon,,Remoraid,,,
"['Suction Cups', 'Sniper', 'Moody']",Jet Pokémon,,Octillery,,,
"['Vital Spirit', 'Hustle', 'Insomnia']",Delivery Pokémon,,Delibird,,,
"['Swift Swim', 'Water Absorb', 'Water Veil']",Kite Pokémon,,Mantine,,,
"['Keen Eye', 'Sturdy', 'Weak Armor']",Armor Bird Pokémon,,Skarmory,,,
"['Early Bird', 'Flash Fire', 'Unnerve']",Dark Pokémon,,Houndour,,,
"['Early Bird', 'Flash Fire', 'Unnerve']",Dark Pokémon,,Houndoom,,,
"['Swift Swim', 'Sniper', 'Damp']",Dragon Pokémon,,Kingdra,,,
"['Pickup', 'Sand Veil']",Long Nose Pokémon,,Phanpy,,,
"['Sturdy', 'Sand Veil']",Armor Pokémon,,Donphan,,,
"['Trace', 'Download', 'Analytic']",Virtual Pokémon,,Porygon2,,,
"['Intimidate', 'Frisk', 'Sap Sipper']",Big Horn Pokémon,,Stantler,,,
"['Own Tempo', 'Technician', 'Moody']",Painter Pokémon,,Smeargle,,,
"['Guts', 'Steadfast', 'Vital Spirit']",Scuffle Pokémon,,Tyrogue,,,
"['Intimidate', 'Technician', 'Steadfast']",Handstand Pokémon,,Hitmontop,,,
"['Oblivious', 'Forewarn', 'Hydration']",Kiss Pokémon,,Smoochum,,,
"['Static', 'Vital Spirit']",Electric Pokémon,,Elekid,,,
"['Flame Body', 'Vital Spirit']",Live Coal Pokémon,,Magby,,,
"['Thick Fat', 'Scrappy', 'Sap Sipper']",Milk Cow Pokémon,,Miltank,,,
"['Natural Cure', 'Serene Grace', 'Healer']",Happiness Pokémon,,Blissey,,,
"['Pressure', 'Inner Focus']",Thunder Pokémon,,Raikou,,,
"['Pressure', 'Inner Focus']",Volcano Pokémon,,Entei,,,
"['Pressure', 'Inner Focus']",Aurora Pokémon,,Suicune,,,
"['Guts', 'Sand Veil']",Rock Skin Pokémon,,Larvitar,,,
['Shed Skin'],Hard Shell Pokémon,,Pupitar,,,
"['Sand Stream', 'Unnerve']",Armor Pokémon,,Tyranitar,,,
"['Pressure', 'Multiscale']",Diving Pokémon,,Lugia,,,
"['Pressure', 'Regenerator']",Rainbow Pokémon,,Ho-Oh,,,
['Natural Cure'],Time Travel Pokémon,,Celebi,,,
"['Overgrow', 'Unburden']",Wood Gecko Pokémon,,Treecko,,,
"['Overgrow', 'Unburden']",Wood Gecko Pokémon,,Grovyle,,,
"['Overgrow', 'Unburden']",Forest Pokémon,,Sceptile,,,
"['Blaze', 'Speed Boost']",Chick Pokémon,,Torchic,,,
"['Blaze', 'Speed Boost']",Young Fowl Pokémon,,Combusken,,,
"['Blaze', 'Speed Boost']",Blaze Pokémon,,Blaziken,,,
"['Torrent', 'Damp']",Mud Fish Pokémon,,Mudkip,,,
"['Torrent', 'Damp']",Mud Fish Pokémon,,Marshtomp,,,
"['Torrent', 'Damp']",Mud Fish Pokémon,,Swampert,,,
"['Run Away', 'Quick Feet', 'Rattled']",Bite Pokémon,,Poochyena,,,
"['Intimidate', 'Quick Feet', 'Moxie']",Bite Pokémon,,Mightyena,,,
"['Pickup', 'Gluttony', 'Quick Feet']",Tiny Racoon Pokémon,,Zigzagoon,,,
"['Pickup', 'Gluttony', 'Quick Feet']",Rush Pokémon,,Linoone,,,
"['Shield Dust', 'Run Away']",Worm Pokémon,,Wurmple,,,
['Shed Skin'],Cocoon Pokémon,,Silcoon,,,
"['Swarm', 'Rivalry']",Butterfly Pokémon,,Beautifly,,,
['Shed Skin'],Cocoon Pokémon,,Cascoon,,,
"['Shield Dust', 'Compoundeyes']",Poison Moth Pokémon,,Dustox,,,
"['Swift Swim', 'Rain Dish', 'Own Tempo']",Water Weed Pokémon,,Lotad,,,
"['Swift Swim', 'Rain Dish', 'Own Tempo']",Jolly Pokémon,,Lombre,,,
"['Swift Swim', 'Rain Dish', 'Own Tempo']",Carefree Pokémon,,Ludicolo,,,
"['Chlorophyll', 'Early Bird', 'Pickpocket']",Acorn Pokémon,,Seedot,,,
"['Chlorophyll', 'Early Bird', 'Pickpocket']",Wily Pokémon,,Nuzleaf,,,
"['Chlorophyll', 'Early Bird', 'Pickpocket']",Wickid Pokémon,,Shiftry,,,
"['Guts', 'Scrappy']",TinySwallow Pokémon,,Taillow,,,
"['Guts', 'Scrappy']",Swallow Pokémon,,Swellow,,,
"['Keen Eye', 'Hydration', 'Rain Dish']",Seagull Pokémon,,Wingull,,,
"['Keen Eye', 'Drizzle', 'Rain Dish']",Water Bird Pokémon,,Pelipper,,,
"['Synchronize', 'Trace', 'Telepathy']",Feeling Pokémon,,Ralts,,,
"['Synchronize', 'Trace', 'Telepathy']",Emotion Pokémon,,Kirlia,,,
"['Synchronize', 'Trace', 'Telepathy']",Embrace Pokémon,,Gardevoir,,,
"['Swift Swim', 'Rain Dish']",Pond Skater Pokémon,,Surskit,,,
"['Intimidate', 'Unnerve']",Eyeball Pokémon,,Masquerain,,,
"['Effect Spore', 'Poison Heal', 'Quick Feet']",Mushroom Pokémon,,Shroomish,,,
"['Effect Spore', 'Poison Heal', 'Technician']",Mushroom Pokémon,,Breloom,,,
['Truant'],Slacker Pokémon,,Slakoth,,,
['Vital Spirit'],Wild Monkey Pokémon,,Vigoroth,,,
['Truant'],Lazy Pokémon,,Slaking,,,
"['Compoundeyes', 'Run Away']",Trainee Pokémon,,Nincada,,,
"['Speed Boost', 'Infiltrator']",Ninja Pokémon,,Ninjask,,,
['Wonder Guard'],Shed Pokémon,,Shedinja,,,
"['Soundproof', 'Rattled']",Whisper Pokémon,,Whismur,,,
"['Soundproof', 'Scrappy']",Big Voice Pokémon,,Loudred,,,
"['Soundproof', 'Scrappy']",Loud Noise Pokémon,,Exploud,,,
"['Thick Fat', 'Guts', 'Sheer Force']",Guts Pokémon,,Makuhita,,,
"['Thick Fat', 'Guts', 'Sheer Force']",Arm Thrust Pokémon,,Hariyama,,,
"['Thick Fat', 'Huge Power', 'Sap Sipper']",Polka Dot Pokémon,,Azurill,,,
"['Sturdy', 'Magnet Pull', 'Sand Force']",Compass Pokémon,,Nosepass,,,
"['Cute Charm', 'Normalize', 'Wonder Skin ']",Kitten Pokémon,,Skitty,,,
"['Cute Charm', 'Normalize', 'Wonder Skin ']",Prim Pokémon,,Delcatty,,,
"['Keen Eye', 'Stall', 'Prankster']",Darkness Pokémon,,Sableye,,,
"['Hyper Cutter', 'Intimidate', 'Sheer Force']",Deceiver Pokémon,,Mawile,,,
"['Sturdy', 'Rock Head', 'Heavy Metal']",Iron Armor Pokémon,,Aron,,,
"['Sturdy', 'Rock Head', 'Heavy Metal']",Iron Armor Pokémon,,Lairon,,,
"['Sturdy', 'Rock Head', 'Heavy Metal']",Iron Armor Pokémon,,Aggron,,,
"['Pure Power', 'Telepathy']",Meditate Pokémon,,Meditite,,,
"['Pure Power', 'Telepathy']",Meditate Pokémon,,Medicham,,,
"['Static', 'Lightningrod', 'Minus']",Lightning Pokémon,,Electrike,,,
"['Static', 'Lightningrod', 'Minus']",Discharge Pokémon,,Manectric,,,
"['Plus', 'Lightningrod']",Cheering Pokémon,,Plusle,,,
"['Minus', 'Volt Absorb']",Cheering Pokémon,,Minun,,,
"['Illuminate', 'Swarm', 'Prankster']",Firefly Pokémon,,Volbeat,,,
"['Oblivious', 'Tinted Lens', 'Prankster']",Firefly Pokémon,,Illumise,,,
"['Natural Cure', 'Poison Point', 'Leaf Guard']",Thorn Pokémon,,Roselia,,,
"['Liquid Ooze', 'Sticky Hold', 'Gluttony']",Stomach Pokémon,,Gulpin,,,
"['Liquid Ooze', 'Sticky Hold', 'Gluttony']",Poison Bag Pokémon,,Swalot,,,
"['Rough Skin', 'Speed Boost']",Savage Pokémon,,Carvanha,,,
"['Rough Skin', 'Speed Boost']",Brutal Pokémon,,Sharpedo,,,
"['Water Veil', 'Oblivious', 'Pressure']",Ball Whale Pokémon,,Wailmer,,,
"['Water Veil', 'Oblivious', 'Pressure']",Float Whale Pokémon,,Wailord,,,
"['Oblivious', 'Simple', 'Own Tempo']",Numb Pokémon,,Numel,,,
"['Magma Armor', 'Solid Rock', 'Anger Point']",Eruption Pokémon,,Camerupt,,,
"['White Smoke', 'Drought', 'Shell Armor']",Coal Pokémon,,Torkoal,,,
"['Thick Fat', 'Own Tempo', 'Gluttony']",Bounce Pokémon,,Spoink,,,
"['Thick Fat', 'Own Tempo', 'Gluttony']",Manipulate Pokémon,,Grumpig,,,
"['Own Tempo', 'Tangled Feet', 'Contrary']",Spot Panda Pokémon,,Spinda,,,
"['Hyper Cutter', 'Arena Trap', 'Sheer Force']",Ant Pit Pokémon,,Trapinch,,,
['Levitate'],Vibration Pokémon,,Vibrava,,,
['Levitate'],Mystic Pokémon,,Flygon,,,
"['Sand Veil', 'Water Absorb']",Cactus Pokémon,,Cacnea,,,
"['Sand Veil', 'Water Absorb']",Scarecrow Pokémon,,Cacturne,,,
"['Natural Cure', 'Cloud Nine']",Cotton Bird Pokémon,,Swablu,,,
"['Natural Cure', 'Cloud Nine']",Humming Pokémon,,Altaria,,,
"['Immunity', 'Toxic Boost']",Cat Ferret Pokémon,,Zangoose,,,
"['Shed Skin', 'Infiltrator']",Fang Snake Pokémon,,Seviper,,,
['Levitate'],Meteorite Pokémon,,Lunatone,,,
['Levitate'],Meteorite Pokémon,,Solrock,,,
"['Oblivious', 'Anticipation', 'Hydration']",Whiskers Pokémon,,Barboach,,,
"['Oblivious', 'Anticipation', 'Hydration']",Whiskers Pokémon,,Whiscash,,,
"['Hyper Cutter', 'Shell Armor', 'Adaptability']",Ruffian Pokémon,,Corphish,,,
"['Hyper Cutter', 'Shell Armor', 'Adaptability']",Rogue Pokémon,,Crawdaunt,,,
['Levitate'],Clay Doll Pokémon,,Baltoy,,,
['Levitate'],Clay Doll Pokémon,,Claydol,,,
"['Suction Cups', 'Storm Drain']",Sea Lily Pokémon,,Lileep,,,
"['Suction Cups', 'Storm Drain']",Barnacle Pokémon,,Cradily,,,
"['Battle Armor', 'Swift Swim']",Old Shrimp Pokémon,,Anorith,,,
"['Battle Armor', 'Swift Swim']",Plate Pokémon,,Armaldo,,,
"['Swift Swim', 'Oblivious', 'Adaptability']",Fish Pokémon,,Feebas,,,
"['Marvel Scale', 'Competitive', 'Cute Charm']",Tender Pokémon,,Milotic,,,
['Forecast'],Weather Pokémon,,Castform,,,
"['Color Change', 'Protean']",Color Swap Pokémon,,Kecleon,,,
"['Insomnia', 'Frisk', 'Cursed Body']",Puppet Pokémon,,Shuppet,,,
"['Insomnia', 'Frisk', 'Cursed Body']",Marionette Pokémon,,Banette,,,
"['Levitate', 'Frisk']",Requiem Pokémon,,Duskull,,,
"['Pressure', 'Frisk']",Beckon Pokémon,,Dusclops,,,
"['Chlorophyll', 'Solar Power', 'Harvest']",Fruit Pokémon,,Tropius,,,
['Levitate'],Wind Chime Pokémon,,Chimecho,,,
"['Pressure', 'Super Luck', 'Justified']",Disaster Pokémon,,Absol,,,
"['Shadow Tag', 'Telepathy']",Bright Pokémon,,Wynaut,,,
"['Inner Focus', 'Ice Body', 'Moody']",Snow Hat Pokémon,,Snorunt,,,
"['Inner Focus', 'Ice Body', 'Moody']",Face Pokémon,,Glalie,,,
"['Thick Fat', 'Ice Body', 'Oblivious']",Clap Pokémon,,Spheal,,,
"['Thick Fat', 'Ice Body', 'Oblivious']",Ball Roll Pokémon,,Sealeo,,,
"['Thick Fat', 'Ice Body', 'Oblivious']",Ice Break Pokémon,,Walrein,,,
"['Shell Armor', 'Rattled']",Bivalve Pokémon,,Clamperl,,,
"['Swift Swim', 'Water Veil']",Deep Sea Pokémon,,Huntail,,,
"['Swift Swim', 'Hydration']",South Sea Pokémon,,Gorebyss,,,
"['Swift Swim', 'Rock Head', 'Sturdy']",Longevity Pokémon,,Relicanth,,,
"['Swift Swim', 'Hydration']",Rendezvous Pokémon,,Luvdisc,,,
"['Rock Head', 'Sheer Force']",Rock Head Pokémon,,Bagon,,,
"['Rock Head', 'Overcoat']",Endurance Pokémon,,Shelgon,,,
"['Intimidate', 'Moxie']",Dragon Pokémon,,Salamence,,,
"['Clear Body', 'Light Metal']",Iron Ball Pokémon,,Beldum,,,
"['Clear Body', 'Light Metal']",Iron Claw Pokémon,,Metang,,,
"['Clear Body', 'Light Metal']",Iron Leg Pokémon,,Metagross,,,
"['Clear Body', 'Sturdy']",Rock Peak Pokémon,,Regirock,,,
"['Clear Body', 'Ice Body']",Iceberg Pokémon,,Regice,,,
"['Clear Body', 'Light Metal']",Iron Pokémon,,Registeel,,,
['Levitate'],Eon Pokémon,,Latias,,,
['Levitate'],Eon Pokémon,,Latios,,,
['Drizzle'],Sea Basin Pokémon,,Kyogre,,,
['Drought'],Continent Pokémon,,Groudon,,,
['Air Lock'],Sky High Pokémon,,Rayquaza,,,
['Serene Grace'],Wish Pokémon,,Jirachi,,,
['Pressure'],DNA Pokémon,,Deoxys,,,
"['Overgrow', 'Shell Armor']",Tiny Leaf Pokémon,,Turtwig,,,
"['Overgrow', 'Shell Armor']",Grove Pokémon,,Grotle,,,
"['Overgrow', 'Shell Armor']",Continent Pokémon,,Torterra,,,
"['Blaze', 'Iron Fist']",Chimp Pokémon,,Chimchar,,,
"['Blaze', 'Iron Fist']",Playful Pokémon,,Monferno,,,
"['Blaze', 'Iron Fist']",Flame Pokémon,,Infernape,,,
"['Torrent', 'Defiant']",Penguin Pokémon,,Piplup,,,
"['Torrent', 'Defiant']",Penguin Pokémon,,Prinplup,,,
"['Torrent', 'Defiant']",Emperor Pokémon,,Empoleon,,,
"['Keen Eye', 'Reckless']",Starling Pokémon,,Starly,,,
"['Intimidate', 'Reckless']",Starling Pokémon,,Staravia,,,
"['Intimidate', 'Reckless']",Predator Pokémon,,Staraptor,,,
"['Simple', 'Unaware', 'Moody']",Plump Mouse Pokémon,,Bidoof,,,
"['Simple', 'Unaware', 'Moody']",Beaver Pokémon,,Bibarel,,,
"['Shed Skin', 'Run Away']",Cricket Pokémon,,Kricketot,,,
"['Swarm', 'Technician']",Cricket Pokémon,,Kricketune,,,
"['Rivalry', 'Intimidate', 'Guts']",Flash Pokémon,,Shinx,,,
"['Rivalry', 'Intimidate', 'Guts']",Spark Pokémon,,Luxio,,,
"['Rivalry', 'Intimidate', 'Guts']",Gleam Eyes Pokémon,,Luxray,,,
"['Natural Cure', 'Poison Point', 'Leaf Guard']",Bud Pokémon,,Budew,,,
"['Natural Cure', 'Poison Point', 'Technician']",Bouquet Pokémon,,Roserade,,,
"['Mold Breaker', 'Sheer Force']",Head Butt Pokémon,,Cranidos,,,
"['Mold Breaker', 'Sheer Force']",Head Butt Pokémon,,Rampardos,,,
"['Sturdy', 'Soundproof']",Shield Pokémon,,Shieldon,,,
"['Sturdy', 'Soundproof']",Shield Pokémon,,Bastiodon,,,
"['Shed Skin', 'Overcoat']",Bagworm Pokémon,,Burmy,,,
"['Anticipation', 'Overcoat']",Bagworm Pokémon,,Wormadam,,,
"['Swarm', 'Tinted Lens']",Moth Pokémon,,Mothim,,,
"['Honey Gather', 'Hustle']",Tiny Bee Pokémon,,Combee,,,
"['Pressure', 'Unnerve']",Beehive Pokémon,,Vespiquen,,,
"['Run Away', 'Pickup', 'Volt Absorb']",EleSquirrel Pokémon,,Pachirisu,,,
"['Swift Swim', 'Water Veil']",Sea Weasel Pokémon,,Buizel,,,
"['Swift Swim', 'Water Veil']",Sea Weasel Pokémon,,Floatzel,,,
['Chlorophyll'],Cherry Pokémon,,Cherubi,,,
['Flower Gift'],Blossom Pokémon,,Cherrim,,,
"['Sticky Hold', 'Storm Drain', 'Sand Force']",Sea Slug Pokémon,,Shellos,,,
"['Sticky Hold', 'Storm Drain', 'Sand Force']",Sea Slug Pokémon,,Gastrodon,,,
"['Technician', 'Pickup', 'Skill Link']",Long Tail Pokémon,,Ambipom,,,
"['Aftermath', 'Unburden', 'Flare Boost']",Balloon Pokémon,,Drifloon,,,
"['Aftermath', 'Unburden', 'Flare Boost']",Blimp Pokémon,,Drifblim,,,
"['Run Away', 'Klutz', 'Limber']",Rabbit Pokémon,,Buneary,,,
"['Cute Charm', 'Klutz', 'Limber']",Rabbit Pokémon,,Lopunny,,,
['Levitate'],Magical Pokémon,,Mismagius,,,
"['Insomnia', 'Super Luck', 'Moxie']",Big Boss Pokémon,,Honchkrow,,,
"['Limber', 'Own Tempo', 'Keen Eye']",Catty Pokémon,,Glameow,,,
"['Thick Fat', 'Own Tempo', 'Defiant']",Tiger Cat Pokémon,,Purugly,,,
['Levitate'],Bell Pokémon,,Chingling,,,
"['Stench', 'Aftermath', 'Keen Eye']",Skunk Pokémon,,Stunky,,,
"['Stench', 'Aftermath', 'Keen Eye']",Skunk Pokémon,,Skuntank,,,
"['Levitate', 'Heatproof', 'Heavy Metal']",Bronze Pokémon,,Bronzor,,,
"['Levitate', 'Heatproof', 'Heavy Metal']",Bronze Bell Pokémon,,Bronzong,,,
"['Sturdy', 'Rock Head', 'Rattled']",Bonsai Pokémon,,Bonsly,,,
"['Soundproof', 'Filter', 'Technician']",Mime Pokémon,,Mime Jr.,,,
"['Natural Cure', 'Serene Grace', 'Friend Guard']",Playhouse Pokémon,,Happiny,,,
"['Keen Eye', 'Tangled Feet', 'Big Pecks']",Music Note Pokémon,,Chatot,,,
"['Pressure', 'Infiltrator']",Forbidden Pokémon,,Spiritomb,,,
"['Sand Veil', 'Rough Skin']",Land Shark Pokémon,,Gible,,,
"['Sand Veil', 'Rough Skin']",Cave Pokémon,,Gabite,,,
"['Sand Veil', 'Rough Skin']",Mach Pokémon,,Garchomp,,,
"['Pickup', 'Thick Fat', 'Gluttony']",Big Eater Pokémon,,Munchlax,,,
"['Steadfast', 'Inner Focus', 'Prankster']",Emanation Pokémon,,Riolu,,,
"['Steadfast', 'Inner Focus', 'Justified']",Aura Pokémon,,Lucario,,,
"['Sand Stream', 'Sand Force']",Hippo Pokémon,,Hippopotas,,,
"['Sand Stream', 'Sand Force']",Heavyweight Pokémon,,Hippowdon,,,
"['Battle Armor', 'Sniper', 'Keen Eye']",Scorpion Pokémon,,Skorupi,,,
"['Battle Armor', 'Sniper', 'Keen Eye']",Ogre Scorp Pokémon,,Drapion,,,
"['Anticipation', 'Dry Skin', 'Poison Touch']",Toxic Mouth Pokémon,,Croagunk,,,
"['Anticipation', 'Dry Skin', 'Poison Touch']",Toxic Mouth Pokémon,,Toxicroak,,,
['Levitate'],Bug Catcher Pokémon,,Carnivine,,,
"['Swift Swim', 'Storm Drain', 'Water Veil']",Wing Fish Pokémon,,Finneon,,,
"['Swift Swim', 'Storm Drain', 'Water Veil']",Neon Pokémon,,Lumineon,,,
"['Swift Swim', 'Water Absorb', 'Water Veil']",Kite Pokémon,,Mantyke,,,
"['Snow Warning', 'Soundproof']",Frosted Tree Pokémon,,Snover,,,
"['Snow Warning', 'Soundproof']",Frosted Tree Pokémon,,Abomasnow,,,
"['Pressure', 'Pickpocket']",Sharp Claw Pokémon,,Weavile,,,
"['Magnet Pull', 'Sturdy', 'Analytic']",Magnet Area Pokémon,,Magnezone,,,
"['Own Tempo', 'Oblivious', 'Cloud Nine']",Licking Pokémon,,Lickilicky,,,
"['Lightningrod', 'Solid Rock', 'Reckless']",Drill Pokémon,,Rhyperior,,,
"['Chlorophyll', 'Leaf Guard', 'Regenerator']",Vine Pokémon,,Tangrowth,,,
"['Motor Drive', 'Vital Spirit']",Thunderbolt Pokémon,,Electivire,,,
"['Flame Body', 'Vital Spirit']",Blast Pokémon,,Magmortar,,,
"['Hustle', 'Serene Grace', 'Super Luck']",Jubilee Pokémon,,Togekiss,,,
"['Speed Boost', 'Tinted Lens', 'Frisk']",Ogre Darner Pokémon,,Yanmega,,,
"['Leaf Guard', 'Chlorophyll']",Verdant Pokémon,,Leafeon,,,
"['Snow Cloak', 'Ice Body']",Fresh Snow Pokémon,,Glaceon,,,
"['Hyper Cutter', 'Sand Veil', 'Poison Heal']",Fang Scorp Pokémon,,Gliscor,,,
"['Oblivious', 'Snow Cloak', 'Thick Fat']",Twin Tusk Pokémon,,Mamoswine,,,
"['Adaptability', 'Download', 'Analytic']",Virtual Pokémon,,Porygon-Z,,,
"['Steadfast', 'Justified']",Blade Pokémon,,Gallade,,,
"['Sturdy', 'Magnet Pull', 'Sand Force']",Compass Pokémon,,Probopass,,,
"['Pressure', 'Frisk']",Gripper Pokémon,,Dusknoir,,,
"['Snow Cloak', 'Cursed Body']",Snow Land Pokémon,,Froslass,,,
['Levitate'],Plasma Pokémon,,Rotom,,,
['Levitate'],Knowledge Pokémon,,Uxie,,,
['Levitate'],Emotion Pokémon,,Mesprit,,,
['Levitate'],Willpower Pokémon,,Azelf,,,
"['Pressure', 'Telepathy']",Temporal Pokémon,,Dialga,,,
"['Pressure', 'Telepathy']",Spatial Pokémon,,Palkia,,,
"['Flash Fire', 'Flame Body']",Lava Dome Pokémon,,Heatran,,,
['Slow Start'],Colossal Pokémon,,Regigigas,,,
"['Pressure', 'Telepathy', 'Levitate']",Renegade Pokémon,,Giratina,,,
['Levitate'],Lunar Pokémon,,Cresselia,,,
['Hydration'],Sea Drifter Pokémon,,Phione,,,
['Hydration'],Seafaring Pokémon,,Manaphy,,,
['Bad Dreams'],Pitch-Black Pokémon,,Darkrai,,,
"['Natural Cure', 'Serene Grace']",Gratitude Pokémon,,Shaymin,,,
['Multitype'],Alpha Pokémon,,Arceus,,,
['Victory Star'],Victory Pokémon,,Victini,,,
"['Overgrow', 'Contrary']",Grass Snake Pokémon,,Snivy,,,
"['Overgrow', 'Contrary']",Grass Snake Pokémon,,Servine,,,
"['Overgrow', 'Contrary']",Regal Pokémon,,Serperior,,,
"['Blaze', 'Thick Fat']",Fire Pig Pokémon,,Tepig,,,
"['Blaze', 'Thick Fat']",Fire Pig Pokémon,,Pignite,,,
"['Blaze', 'Reckless']",Mega Fire Pig Pokémon,,Emboar,,,
"['Torrent', 'Shell Armor']",Sea Otter Pokémon,,Oshawott,,,
"['Torrent', 'Shell Armor']",Discipline Pokémon,,Dewott,,,
"['Torrent', 'Shell Armor']",Formidable Pokémon,,Samurott,,,
"['Run Away', 'Keen Eye', 'Analytic']",Scout Pokémon,,Patrat,,,
"['Illuminate', 'Keen Eye', 'Analytic']",Lookout Pokémon,,Watchog,,,
"['Vital Spirit', 'Pickup', 'Run Away']",Puppy Pokémon,,Lillipup,,,
"['Intimidate', 'Sand Rush', 'Scrappy']",Loyal Dog Pokémon,,Herdier,,,
"['Intimidate', 'Sand Rush', 'Scrappy']",Big-Hearted Pokémon,,Stoutland,,,
"['Limber', 'Unburden', 'Prankster']",Devious Pokémon,,Purrloin,,,
"['Limber', 'Unburden', 'Prankster']",Cruel Pokémon,,Liepard,,,
"['Gluttony', 'Overgrow']",Grass Monkey Pokémon,,Pansage,,,
"['Gluttony', 'Overgrow']",Thorn Monkey Pokémon,,Simisage,,,
"['Gluttony', 'Blaze']",High Temp Pokémon,,Pansear,,,
"['Gluttony', 'Blaze']",Ember Pokémon,,Simisear,,,
"['Gluttony', 'Torrent']",Spray Pokémon,,Panpour,,,
"['Gluttony', 'Torrent']",Geyser Pokémon,,Simipour,,,
"['Forewarn', 'Synchronize', 'Telepathy']",Dream Eater Pokémon,,Munna,,,
"['Forewarn', 'Synchronize', 'Telepathy']",Drowsing Pokémon,,Musharna,,,
"['Big Pecks', 'Super Luck', 'Rivalry']",Tiny Pigeon Pokémon,,Pidove,,,
"['Big Pecks', 'Super Luck', 'Rivalry']",Wild Pigeon Pokémon,,Tranquill,,,
"['Big Pecks', 'Super Luck', 'Rivalry']",Proud Pokémon,,Unfezant,,,
"['Lightningrod', 'Motor Drive', 'Sap Sipper']",Electrified Pokémon,,Blitzle,,,
"['Lightningrod', 'Motor Drive', 'Sap Sipper']",Thunderbolt Pokémon,,Zebstrika,,,
"['Sturdy', 'Weak Armor', 'Sand Force']",Mantle Pokémon,,Roggenrola,,,
"['Sturdy', 'Weak Armor', 'Sand Force']",Ore Pokémon,,Boldore,,,
"['Sturdy', 'Sand Stream', 'Sand Force']",Compressed Pokémon,,Gigalith,,,
"['Unaware', 'Klutz', 'Simple']",Bat Pokémon,,Woobat,,,
"['Unaware', 'Klutz', 'Simple']",Courting Pokémon,,Swoobat,,,
"['Sand Rush', 'Sand Force', 'Mold Breaker']",Mole Pokémon,,Drilbur,,,
"['Sand Rush', 'Sand Force', 'Mold Breaker']",Subterrene Pokémon,,Excadrill,,,
"['Healer', 'Regenerator', 'Klutz']",Hearing Pokémon,,Audino,,,
"['Guts', 'Sheer Force', 'Iron Fist']",Muscular Pokémon,,Timburr,,,
"['Guts', 'Sheer Force', 'Iron Fist']",Muscular Pokémon,,Gurdurr,,,
"['Guts', 'Sheer Force', 'Iron Fist']",Muscular Pokémon,,Conkeldurr,,,
"['Swift Swim', 'Hydration', 'Water Absorb']",Tadpole Pokémon,,Tympole,,,
"['Swift Swim', 'Hydration', 'Water Absorb']",Vibration Pokémon,,Palpitoad,,,
"['Swift Swim', 'Poison Touch', 'Water Absorb']",Vibration Pokémon,,Seismitoad,,,
"['Guts', 'Inner Focus', 'Mold Breaker']",Judo Pokémon,,Throh,,,
"['Sturdy', 'Inner Focus', 'Mold Breaker']",Karate Pokémon,,Sawk,,,
"['Swarm', 'Chlorophyll', 'Overcoat']",Sewing Pokémon,,Sewaddle,,,
"['Leaf Guard', 'Chlorophyll', 'Overcoat']",Leaf-Wrapped Pokémon,,Swadloon,,,
"['Swarm', 'Chlorophyll', 'Overcoat']",Nurturing Pokémon,,Leavanny,,,
"['Poison Point', 'Swarm', 'Speed Boost']",Centipede Pokémon,,Venipede,,,
"['Poison Point', 'Swarm', 'Speed Boost']",Curlipede Pokémon,,Whirlipede,,,
"['Poison Point', 'Swarm', 'Speed Boost']",Megapede Pokémon,,Scolipede,,,
"['Prankster', 'Infiltrator', 'Chlorophyll']",Cotton Puff Pokémon,,Cottonee,,,
"['Prankster', 'Infiltrator', 'Chlorophyll']",Windveiled Pokémon,,Whimsicott,,,
"['Chlorophyll', 'Own Tempo', 'Leaf Guard']",Bulb Pokémon,,Petilil,,,
"['Chlorophyll', 'Own Tempo', 'Leaf Guard']",Flowering Pokémon,,Lilligant,,,
"['Reckless', 'Rock Head', 'Adaptability', 'Mold Breaker']",Hostile Pokémon,,Basculin,,,
"['Intimidate', 'Moxie', 'Anger Point']",Desert Croc Pokémon,,Sandile,,,
"['Intimidate', 'Moxie', 'Anger Point']",Desert Croc Pokémon,,Krokorok,,,
"['Intimidate', 'Moxie', 'Anger Point']",Intimidation Pokémon,,Krookodile,,,
"['Hustle', 'Inner Focus']",Zen Charm Pokémon,,Darumaka,,,
"['Sheer Force', 'Zen Mode']",Blazing Pokémon,,Darmanitan,,,
"['Water Absorb', 'Chlorophyll', 'Storm Drain']",Cactus Pokémon,,Maractus,,,
"['Sturdy', 'Shell Armor', 'Weak Armor']",Rock Inn Pokémon,,Dwebble,,,
"['Sturdy', 'Shell Armor', 'Weak Armor']",Stone Home Pokémon,,Crustle,,,
"['Shed Skin', 'Moxie', 'Intimidate']",Shedding Pokémon,,Scraggy,,,
"['Shed Skin', 'Moxie', 'Intimidate']",Hoodlum Pokémon,,Scrafty,,,
"['Wonder Skin ', 'Magic Guard', 'Tinted Lens']",Avianoid Pokémon,,Sigilyph,,,
['Mummy'],Spirit Pokémon,,Yamask,,,
['Mummy'],Coffin Pokémon,,Cofagrigus,,,
"['Solid Rock', 'Sturdy', 'Swift Swim']",Prototurtle Pokémon,,Tirtouga,,,
"['Solid Rock', 'Sturdy', 'Swift Swim']",Prototurtle Pokémon,,Carracosta,,,
['Defeatist'],First Bird Pokémon,,Archen,,,
['Defeatist'],First Bird Pokémon,,Archeops,,,
"['Stench', 'Sticky Hold', 'Aftermath']",Trash Bag Pokémon,,Trubbish,,,
"['Stench', 'Weak Armor', 'Aftermath']",Trash Heap Pokémon,,Garbodor,,,
['Illusion'],Tricky Fox Pokémon,,Zorua,,,
['Illusion'],Illusion Fox Pokémon,,Zoroark,,,
"['Cute Charm', 'Technician', 'Skill Link']",Chinchilla Pokémon,,Minccino,,,
"['Cute Charm', 'Technician', 'Skill Link']",Scarf Pokémon,,Cinccino,,,
"['Frisk', 'Competitive', 'Shadow Tag']",Fixation Pokémon,,Gothita,,,
"['Frisk', 'Competitive', 'Shadow Tag']",Manipulate Pokémon,,Gothorita,,,
"['Frisk', 'Competitive', 'Shadow Tag']",Astral Body Pokémon,,Gothitelle,,,
"['Overcoat', 'Magic Guard', 'Regenerator']",Cell Pokémon,,Solosis,,,
"['Overcoat', 'Magic Guard', 'Regenerator']",Mitosis Pokémon,,Duosion,,,
"['Overcoat', 'Magic Guard', 'Regenerator']",Multiplying Pokémon,,Reuniclus,,,
"['Keen Eye', 'Big Pecks', 'Hydration']",Water Bird Pokémon,,Ducklett,,,
"['Keen Eye', 'Big Pecks', 'Hydration']",White Bird Pokémon,,Swanna,,,
"['Ice Body', 'Snow Cloak', 'Weak Armor']",Fresh Snow Pokémon,,Vanillite,,,
"['Ice Body', 'Snow Cloak', 'Weak Armor']",Icy Snow Pokémon,,Vanillish,,,
"['Ice Body', 'Snow Warning', 'Weak Armor']",Snowstorm Pokémon,,Vanilluxe,,,
"['Chlorophyll', 'Sap Sipper', 'Serene Grace']",Season Pokémon,,Deerling,,,
"['Chlorophyll', 'Sap Sipper', 'Serene Grace']",Season Pokémon,,Sawsbuck,,,
"['Static', 'Motor Drive']",Sky Squirrel Pokémon,,Emolga,,,
"['Swarm', 'Shed Skin', 'No Guard']",Clamping Pokémon,,Karrablast,,,
"['Swarm', 'Shell Armor', 'Overcoat']",Cavalry Pokémon,,Escavalier,,,
"['Effect Spore', 'Regenerator']",Mushroom Pokémon,,Foongus,,,
"['Effect Spore', 'Regenerator']",Mushroom Pokémon,,Amoonguss,,,
"['Water Absorb', 'Cursed Body', 'Damp']",Floating Pokémon,,Frillish,,,
"['Water Absorb', 'Cursed Body', 'Damp']",Floating Pokémon,,Jellicent,,,
"['Healer', 'Hydration', 'Regenerator']",Caring Pokémon,,Alomomola,,,
"['Compoundeyes', 'Unnerve', 'Swarm']",Attaching Pokémon,,Joltik,,,
"['Compoundeyes', 'Unnerve', 'Swarm']",EleSpider Pokémon,,Galvantula,,,
['Iron Barbs'],Thorn Seed Pokémon,,Ferroseed,,,
"['Iron Barbs', 'Anticipation']",Thorn Pod Pokémon,,Ferrothorn,,,
"['Plus', 'Minus', 'Clear Body']",Gear Pokémon,,Klink,,,
"['Plus', 'Minus', 'Clear Body']",Gear Pokémon,,Klang,,,
"['Plus', 'Minus', 'Clear Body']",Gear Pokémon,,Klinklang,,,
['Levitate'],EleFish Pokémon,,Tynamo,,,
['Levitate'],EleFish Pokémon,,Eelektrik,,,
['Levitate'],EleFish Pokémon,,Eelektross,,,
"['Telepathy', 'Synchronize', 'Analytic']",Cerebral Pokémon,,Elgyem,,,
"['Telepathy', 'Synchronize', 'Analytic']",Cerebral Pokémon,,Beheeyem,,,
"['Flash Fire', 'Flame Body', 'Infiltrator']",Candle Pokémon,,Litwick,,,
"['Flash Fire', 'Flame Body', 'Infiltrator']",Lamp Pokémon,,Lampent,,,
"['Flash Fire', 'Flame Body', 'Infiltrator']",Luring Pokémon,,Chandelure,,,
"['Rivalry', 'Mold Breaker', 'Unnerve']",Tusk Pokémon,,Axew,,,
"['Rivalry', 'Mold Breaker', 'Unnerve']",Axe Jaw Pokémon,,Fraxure,,,
"['Rivalry', 'Mold Breaker', 'Unnerve']",Axe Jaw Pokémon,,Haxorus,,,
"['Snow Cloak', 'Slush Rush', 'Rattled']",Chill Pokémon,,Cubchoo,,,
"['Snow Cloak', 'Slush Rush', 'Swift Swim']",Freezing Pokémon,,Beartic,,,
['Levitate'],Crystallizing Pokémon,,Cryogonal,,,
"['Hydration', 'Shell Armor', 'Overcoat']",Snail Pokémon,,Shelmet,,,
"['Hydration', 'Sticky Hold', 'Unburden']",Shell Out Pokémon,,Accelgor,,,
"['Static', 'Limber', 'Sand Veil']",Trap Pokémon,,Stunfisk,,,
"['Inner Focus', 'Regenerator', 'Reckless']",Martial Arts Pokémon,,Mienfoo,,,
"['Inner Focus', 'Regenerator', 'Reckless']",Martial Arts Pokémon,,Mienshao,,,
"['Rough Skin', 'Sheer Force', 'Mold Breaker']",Cave Pokémon,,Druddigon,,,
"['Iron Fist', 'Klutz', 'No Guard']",Automaton Pokémon,,Golett,,,
"['Iron Fist', 'Klutz', 'No Guard']",Automaton Pokémon,,Golurk,,,
"['Defiant', 'Inner Focus', 'Pressure']",Sharp Blade Pokémon,,Pawniard,,,
"['Defiant', 'Inner Focus', 'Pressure']",Sword Blade Pokémon,,Bisharp,,,
"['Reckless', 'Sap Sipper', 'Soundproof']",Bash Buffalo Pokémon,,Bouffalant,,,
"['Keen Eye', 'Sheer Force', 'Hustle']",Eaglet Pokémon,,Rufflet,,,
"['Keen Eye', 'Sheer Force', 'Defiant']",Valiant Pokémon,,Braviary,,,
"['Big Pecks', 'Overcoat', 'Weak Armor']",Diapered Pokémon,,Vullaby,,,
"['Big Pecks', 'Overcoat', 'Weak Armor']",Bone Vulture Pokémon,,Mandibuzz,,,
"['Gluttony', 'Flash Fire', 'White Smoke']",Anteater Pokémon,,Heatmor,,,
"['Swarm', 'Hustle', 'Truant']",Iron Ant Pokémon,,Durant,,,
['Hustle'],Irate Pokémon,,Deino,,,
['Hustle'],Hostile Pokémon,,Zweilous,,,
['Levitate'],Brutal Pokémon,,Hydreigon,,,
"['Flame Body', 'Swarm']",Torch Pokémon,,Larvesta,,,
"['Flame Body', 'Swarm']",Sun Pokémon,,Volcarona,,,
['Justified'],Iron Will Pokémon,,Cobalion,,,
['Justified'],Cavern Pokémon,,Terrakion,,,
['Justified'],Grassland Pokémon,,Virizion,,,
"['Prankster', 'Defiant', 'Regenerator']",Cyclone Pokémon,,Tornadus,,,
"['Prankster', 'Defiant', 'Volt Absorb']",Bolt Strike Pokémon,,Thundurus,,,
['Turboblaze'],Vast White Pokémon,,Reshiram,,,
['Teravolt'],Deep Black Pokémon,,Zekrom,,,
"['Sand Force', 'Sheer Force', 'Intimidate']",Abundance Pokémon,,Landorus,,,
"['Pressure', 'Teravolt', 'Turboblaze']",Boundary Pokémon,,Kyurem,,,
['Justified'],Colt Pokémon,,Keldeo,,,
['Serene Grace'],Melody Pokémon,,Meloetta,,,
['Download'],Paleozoic Pokémon,,Genesect,,,
"['Overgrow', 'Bulletproof']",Spiky Nut Pokémon,,Chespin,,,
"['Overgrow', 'Bulletproof']",Spiny Armor Pokémon,,Quilladin,,,
"['Overgrow', 'Bulletproof']",Spiny Armor Pokémon,,Chesnaught,,,
"['Blaze', 'Magician']",Fox Pokémon,,Fennekin,,,
"['Blaze', 'Magician']",Fox Pokémon,,Braixen,,,
"['Blaze', 'Magician']",Fox Pokémon,,Delphox,,,
"['Torrent', 'Protean']",Bubble Frog Pokémon,,Froakie,,,
"['Torrent', 'Protean']",Bubble Frog Pokémon,,Frogadier,,,
"['Torrent', 'Protean', 'Battle Bond']",Ninja Pokémon,,Greninja,,,
"['Pickup', 'Cheek Pouch', 'Huge Power']",Digging Pokémon,,Bunnelby,,,
"['Pickup', 'Cheek Pouch', 'Huge Power']",Digging Pokémon,,Diggersby,,,
"['Big Pecks', 'Gale Wings']",Tiny Robin Pokémon,,Fletchling,,,
"['Flame Body', 'Gale Wings']",Ember Pokémon,,Fletchinder,,,
"['Flame Body', 'Gale Wings']",Scorching Pokémon,,Talonflame,,,
"['Shield Dust', 'Compoundeyes', 'Friend Guard']",Scatterdust Pokémon,,Scatterbug,,,
"['Shed Skin', 'Friend Guard']",Scatterdust Pokémon,,Spewpa,,,
"['Shield Dust', 'Compoundeyes', 'Friend Guard']",Scale Pokémon,,Vivillon,,,
"['Rivalry', 'Unnerve', 'Moxie']",Lion Cub Pokémon,,Litleo,,,
"['Rivalry', 'Unnerve', 'Moxie']",Royal Pokémon,,Pyroar,,,
"['Flower Veil', 'Symbiosis']",Single Bloom Pokémon,,Flabébé,,,
"['Flower Veil', 'Symbiosis']",Fairy Pokémon,,Floette,,,
"['Flower Veil', 'Symbiosis']",Garden Pokémon,,Florges,,,
"['Sap Sipper', 'Grass Pelt']",Mount Pokémon,,Skiddo,,,
"['Sap Sipper', 'Grass Pelt']",Mount Pokémon,,Gogoat,,,
"['Iron Fist', 'Mold Breaker', 'Scrappy']",Playful Pokémon,,Pancham,,,
"['Iron Fist', 'Mold Breaker', 'Scrappy']",Daunting Pokémon,,Pangoro,,,
['Fur Coat'],Poodle Pokémon,,Furfrou,,,
"['Keen Eye', 'Infiltrator', 'Own Tempo']",Restraint Pokémon,,Espurr,,,
"['Keen Eye', 'Infiltrator', 'Prankster', 'Competitive']",Constraint Pokémon,,Meowstic,,,
['No Guard'],Sword Pokémon,,Honedge,,,
['No Guard'],Sword Pokémon,,Doublade,,,
['Stance Change'],Royal Sword Pokémon,,Aegislash,,,
"['Healer', 'Aroma Veil']",Perfume Pokémon,,Spritzee,,,
"['Healer', 'Aroma Veil']",Fragrance Pokémon,,Aromatisse,,,
"['Sweet Veil', 'Unburden']",Cotton Candy Pokémon,,Swirlix,,,
"['Sweet Veil', 'Unburden']",Meringue Pokémon,,Slurpuff,,,
"['Contrary', 'Suction Cups', 'Infiltrator']",Revolving Pokémon,,Inkay,,,
"['Contrary', 'Suction Cups', 'Infiltrator']",Overturning Pokémon,,Malamar,,,
"['Tough Claws', 'Sniper', 'Pickpocket']",Two-Handed Pokémon,,Binacle,,,
"['Tough Claws', 'Sniper', 'Pickpocket']",Collective Pokémon,,Barbaracle,,,
"['Poison Point', 'Poison Touch', 'Adaptability']",Mock Kelp Pokémon,,Skrelp,,,
"['Poison Point', 'Poison Touch', 'Adaptability']",Mock Kelp Pokémon,,Dragalge,,,
['Mega Launcher'],Water Gun Pokémon,,Clauncher,,,
['Mega Launcher'],Howitzer Pokémon,,Clawitzer,,,
"['Dry Skin', 'Sand Veil', 'Solar Power']",Generator Pokémon,,Helioptile,,,
"['Dry Skin', 'Sand Veil', 'Solar Power']",Generator Pokémon,,Heliolisk,,,
"['Strong Jaw', 'Sturdy']",Royal Heir Pokémon,,Tyrunt,,,
"['Strong Jaw', 'Rock Head']",Despot Pokémon,,Tyrantrum,,,
"['Refrigerate', 'Snow Warning']",Tundra Pokémon,,Amaura,,,
"['Refrigerate', 'Snow Warning']",Tundra Pokémon,,Aurorus,,,
"['Cute Charm', 'Pixilate']",Intertwining Pokémon,,Sylveon,,,
"['Limber', 'Unburden', 'Mold Breaker']",Wrestling Pokémon,,Hawlucha,,,
"['Cheek Pouch', 'Pickup', 'Plus']",Antenna Pokémon,,Dedenne,,,
"['Clear Body', 'Sturdy']",Jewel Pokémon,,Carbink,,,
"['Sap Sipper', 'Hydration', 'Gooey']",Soft Tissue Pokémon,,Goomy,,,
"['Sap Sipper', 'Hydration', 'Gooey']",Soft Tissue Pokémon,,Sliggoo,,,
"['Sap Sipper', 'Hydration', 'Gooey']",Dragon Pokémon,,Goodra,,,
"['Prankster', 'Magician']",Key Ring Pokémon,,Klefki,,,
"['Natural Cure', 'Frisk', 'Harvest']",Stump Pokémon,,Phantump,,,
"['Natural Cure', 'Frisk', 'Harvest']",Elder Tree Pokémon,,Trevenant,,,
"['Pickup', 'Frisk', 'Insomnia']",Pumpkin Pokémon,,Pumpkaboo,,,
"['Pickup', 'Frisk', 'Insomnia']",Pumpkin Pokémon,,Gourgeist,,,
"['Own Tempo', 'Ice Body', 'Sturdy']",Ice Chunk Pokémon,,Bergmite,,,
"['Own Tempo', 'Ice Body', 'Sturdy']",Iceberg Pokémon,,Avalugg,,,
"['Frisk', 'Infiltrator', 'Telepathy']",Sound Wave Pokémon,,Noibat,,,
"['Frisk', 'Infiltrator', 'Telepathy']",Sound Wave Pokémon,,Noivern,,,
['Fairy Aura'],Life Pokémon,,Xerneas,,,
['Dark Aura'],Destruction Pokémon,,Yveltal,,,
"['Aura Break', 'Power Construct']",Order Pokémon,,Zygarde,,,
['Clear Body'],Jewel Pokémon,,Diancie,,,
['Magician'],Mischief Pokémon (Confined)Djinn Pokémonn (Unbound),,Hoopa,,,
['Water Absorb'],Steam Pokémon,,Volcanion,,,
"['Overgrow', 'Long Reach']",Grass Quill Pokémon,,Rowlet,,,
"['Overgrow', 'Long Reach']",Blade Quill Pokémon,,Dartrix,,,
"['Overgrow', 'Long Reach']",Arrow Quill Pokémon,,Decidueye,,,
"['Blaze', 'Intimidate']",Fire Cat Pokémon,,Litten,,,
"['Blaze', 'Intimidate']",Fire Cat Pokémon,,Torracat,,,
"['Blaze', 'Intimidate']",Heel Pokémon,,Incineroar,,,
"['Torrent', 'Liquid Voice']",Sea Lion Pokémon,,Popplio,,,
"['Torrent', 'Liquid Voice']",Pop Star Pokémon,,Brionne,,,
"['Torrent', 'Liquid Voice']",Soloist Pokémon,,Primarina,,,
"['Keen Eye', 'Skill Link', 'Pickup']",Woodpecker Pokémon,,Pikipek,,,
"['Keen Eye', 'Skill Link', 'Pickup']",Bugle Beak Pokémon,,Trumbeak,,,
"['Keen Eye', 'Skill Link', 'Sheer Force']",Cannon Pokémon,,Toucannon,,,
"['Stakeout', 'Strong Jaw', 'Adaptability']",Loitering Pokémon,,Yungoos,,,
"['Stakeout', 'Strong Jaw', 'Adaptability']",Stakeout Pokémon,,Gumshoos,,,
['Swarm'],Larva Pokémon,,Grubbin,,,
['Battery'],Battery Pokémon,,Charjabug,,,
['Levitate'],Stag Beetle Pokémon,,Vikavolt,,,
"['Hyper Cutter', 'Iron Fist', 'Anger Point']",Boxing Pokémon,,Crabrawler,,,
"['Hyper Cutter', 'Iron Fist', 'Anger Point']",Woolly Crab Pokémon,,Crabominable,,,
['Dancer'],Dancing Pokémon,,Oricorio,,,
"['Honey Gather', 'Shield Dust', 'Sweet Veil']",Bee Fly Pokémon,,Cutiefly,,,
"['Honey Gather', 'Shield Dust', 'Sweet Veil']",Bee Fly Pokémon,,Ribombee,,,
"['Keen Eye', 'Vital Spirit', 'Steadfast']",Puppy Pokémon,,Rockruff,,,
"['Keen Eye', 'Sand Rush', 'Steadfast', 'Keen Eye', 'Vital Spirit', 'No Guard']",Wolf Pokémon,,Lycanroc,,,
['Schooling'],Small Fry Pokémon,,Wishiwashi,,,
"['Merciless', 'Limber', 'Regenerator']",Brutal Star Pokémon,,Mareanie,,,
"['Merciless', 'Limber', 'Regenerator']",Brutal Star Pokémon,,Toxapex,,,
"['Own Tempo', 'Stamina', 'Inner Focus']",Donkey Pokémon,,Mudbray,,,
"['Own Tempo', 'Stamina', 'Inner Focus']",Draft Horse Pokémon,,Mudsdale,,,
"['Water Bubble', 'Water Absorb']",Water Bubble Pokémon,,Dewpider,,,
"['Water Bubble', 'Water Absorb']",Water Bubble Pokémon,,Araquanid,,,
"['Leaf Guard', 'Contrary']",Sickle Grass Pokémon,,Fomantis,,,
"['Leaf Guard', 'Contrary']",Bloom Sickle Pokémon,,Lurantis,,,
"['Illuminate', 'Effect Spore', 'Rain Dish']",Illuminating Pokémon,,Morelull,,,
"['Illuminate', 'Effect Spore', 'Rain Dish']",Illuminating Pokémon,,Shiinotic,,,
"['Corrosion', 'Oblivious']",Toxic Lizard Pokémon,,Salandit,,,
"['Corrosion', 'Oblivious']",Toxic Lizard Pokémon,,Salazzle,,,
"['Fluffy', 'Klutz', 'Cute Charm']",Flailing Pokémon,,Stufful,,,
"['Fluffy', 'Klutz', 'Unnerve']",Strong Arm Pokémon,,Bewear,,,
"['Leaf Guard', 'Oblivious', 'Sweet Veil']",Fruit Pokémon,,Bounsweet,,,
"['Leaf Guard', 'Oblivious', 'Sweet Veil']",Fruit Pokémon,,Steenee,,,
"['Leaf Guard', 'Queenly Majesty', 'Sweet Veil']",Fruit Pokémon,,Tsareena,,,
"['Flower Veil', 'Triage', 'Natural Cure']",Posy Picker Pokémon,,Comfey,,,
"['Inner Focus', 'Telepathy', 'Symbiosis']",Sage Pokémon,,Oranguru,,,
"['Receiver', 'Defiant']",Teamwork Pokémon,,Passimian,,,
['Wimp Out'],Turn Tail Pokémon,,Wimpod,,,
['Emergency Exit'],Hard Scale Pokémon,,Golisopod,,,
"['Water Compaction', 'Sand Veil']",Sand Heap Pokémon,,Sandygast,,,
"['Water Compaction', 'Sand Veil']",Sand Castle Pokémon,,Palossand,,,
"['Innards Out', 'Unaware']",Sea Cucumber Pokémon,,Pyukumuku,,,
['Battle Armor'],Synthetic Pokémon,,Type: Null,,,
['RKS System'],Synthetic Pokémon,,Silvally,,,
['Shields Down'],Meteor Pokémon,,Minior,,,
['Comatose'],Drowsing Pokémon,,Komala,,,
['Shell Armor'],Blast Turtle Pokémon,,Turtonator,,,
"['Iron Barbs', 'Lightningrod', 'Sturdy']",Roly-Poly Pokémon,,Togedemaru,,,
['Disguise'],Disguise Pokémon,,Mimikyu,,,
"['Dazzling', 'Strong Jaw', 'Wonder Skin ']",Gnash Teeth Pokémon,,Bruxish,,,
"['Berserk', 'Sap Sipper', 'Cloud Nine']",Placid Pokémon,,Drampa,,,
['Steelworker'],Sea Creeper Pokémon,,Dhelmise,,,
"['Bulletproof', 'Soundproof', 'Overcoat']",Scaly Pokémon,,Jangmo-o,,,
"['Bulletproof', 'Soundproof', 'Overcoat']",Scaly Pokémon,,Hakamo-o,,,
"['Bulletproof', 'Soundproof', 'Overcoat']",Scaly Pokémon,,Kommo-o,,,
"['Electric Surge', 'Telepathy']",Land Spirit Pokémon,,Tapu Koko,,,
"['Psychic Surge', 'Telepathy']",Land Spirit Pokémon,,Tapu Lele,,,
"['Grassy Surge', 'Telepathy']",Land Spirit Pokémon,,Tapu Bulu,,,
"['Misty Surge', 'Telepathy']",Land Spirit Pokémon,,Tapu Fini,,,
['Unaware'],Nebula Pokémon,,Cosmog,,,
['Sturdy'],Protostar Pokémon,,Cosmoem,,,
['Full Metal Body'],Sunne Pokémon,,Solgaleo,,,
['Shadow Shield'],Moone Pokémon,,Lunala,,,
['Beast Boost'],Parasite Pokémon,,Nihilego,,,
['Beast Boost'],Swollen Pokémon,,Buzzwole,,,
['Beast Boost'],Lissome Pokémon,,Pheromosa,,,
['Beast Boost'],Glowing Pokémon,,Xurkitree,,,
['Beast Boost'],Launch Pokémon,,Celesteela,,,
['Beast Boost'],Drawn Sword Pokémon,,Kartana,,,
['Beast Boost'],Junkivore Pokémon,,Guzzlord,,,
['Prism Armor'],Prism Pokémon,,Necrozma,,,
['Soul-Heart'],Artificial Pokémon,,Magearna,,,